{
  "judge_thresh": 0.5,
  "nli_ckpt": "microsoft/deberta-v2-xlarge-mnli",
  "positive_rate": {
    "token_f1": 0.95,
    "judge": 0.95
  },
  "answerable_flipped": 22,
  "signals": {
    "d_nli": {
      "f1_all": {
        "auroc": 0.7967157894736843,
        "ci_low": 0.6977932005270989,
        "ci_high": 0.8945304777059897,
        "n": 500
      },
      "judge_all": {
        "auroc": 0.889936842105263,
        "ci_low": 0.7972476543583535,
        "ci_high": 0.9657290680298737,
        "n": 500
      },
      "f1_ans": {
        "auroc": 0.7934222222222223,
        "ci_low": 0.7011195849269356,
        "ci_high": 0.8834905866444769,
        "n": 250
      },
      "judge_ans": {
        "auroc": 0.8913777777777778,
        "ci_low": 0.8034767744332961,
        "ci_high": 0.9649350649350649,
        "n": 250
      }
    },
    "d_cos": {
      "f1_all": {
        "auroc": 0.9050947368421053,
        "ci_low": 0.8456702042229935,
        "ci_high": 0.9568169920722431,
        "n": 500
      },
      "judge_all": {
        "auroc": 0.8458947368421053,
        "ci_low": 0.7443606005387494,
        "ci_high": 0.9338848368744121,
        "n": 500
      },
      "f1_ans": {
        "auroc": 0.8622222222222222,
        "ci_low": 0.7800023710472883,
        "ci_high": 0.9338219327133718,
        "n": 250
      },
      "judge_ans": {
        "auroc": 0.7987555555555556,
        "ci_low": 0.6835617269205412,
        "ci_high": 0.904784444918974,
        "n": 250
      }
    },
    "d_lex": {
      "f1_all": {
        "auroc": 0.9258105263157894,
        "ci_low": 0.8536347850298516,
        "ci_high": 0.9832845687287111,
        "n": 500
      },
      "judge_all": {
        "auroc": 0.8294736842105264,
        "ci_low": 0.730947293584836,
        "ci_high": 0.9199759220108057,
        "n": 500
      },
      "f1_ans": {
        "auroc": 0.9158222222222222,
        "ci_low": 0.8318144315333789,
        "ci_high": 0.97570325804882,
        "n": 250
      },
      "judge_ans": {
        "auroc": 0.8,
        "ci_low": 0.6898249516689506,
        "ci_high": 0.8985713821651321,
        "n": 250
      }
    },
    "neg_token_logprob": {
      "f1_all": {
        "auroc": 0.7600842105263158,
        "ci_low": 0.6439367257153982,
        "ci_high": 0.8525219441196482,
        "n": 500
      },
      "judge_all": {
        "auroc": 0.8178526315789473,
        "ci_low": 0.7228884493670887,
        "ci_high": 0.8917853178902702,
        "n": 500
      },
      "f1_ans": {
        "auroc": 0.7539555555555557,
        "ci_low": 0.6414094938749194,
        "ci_high": 0.8552005966443738,
        "n": 250
      },
      "judge_ans": {
        "auroc": 0.8156444444444445,
        "ci_low": 0.7254965247885354,
        "ci_high": 0.8927770878361119,
        "n": 250
      }
    },
    "p_false": {
      "f1_all": {
        "auroc": 0.7405894736842105,
        "ci_low": 0.6358696468854002,
        "ci_high": 0.8277054339033854,
        "n": 500
      },
      "judge_all": {
        "auroc": 0.8142315789473683,
        "ci_low": 0.7513916974514301,
        "ci_high": 0.8729271613035177,
        "n": 500
      },
      "f1_ans": {
        "auroc": 0.7118222222222222,
        "ci_low": 0.6062051674641149,
        "ci_high": 0.8106699803606333,
        "n": 250
      },
      "judge_ans": {
        "auroc": 0.7899555555555555,
        "ci_low": 0.7096390595773906,
        "ci_high": 0.8587725383141762,
        "n": 250
      }
    },
    "semantic_entropy": {
      "f1_all": {
        "auroc": 0.7013894736842105,
        "ci_low": 0.598071958991563,
        "ci_high": 0.7899473612250477,
        "n": 500
      },
      "judge_all": {
        "auroc": 0.7669894736842106,
        "ci_low": 0.6836634145789408,
        "ci_high": 0.8359462143786763,
        "n": 500
      },
      "f1_ans": {
        "auroc": 0.6826666666666666,
        "ci_low": 0.5713622395326192,
        "ci_high": 0.7734605439570963,
        "n": 250
      },
      "judge_ans": {
        "auroc": 0.7541333333333333,
        "ci_low": 0.66744168261563,
        "ci_high": 0.8300077777777777,
        "n": 250
      }
    }
  }
}