{
  "judge_thresh": 0.4,
  "nli_ckpt": "microsoft/deberta-v2-xlarge-mnli",
  "positive_rate": {
    "token_f1": 0.95,
    "judge": 0.948
  },
  "answerable_flipped": 21,
  "signals": {
    "d_nli": {
      "f1_all": {
        "auroc": 0.7967157894736843,
        "ci_low": 0.6977932005270989,
        "ci_high": 0.8945304777059897,
        "n": 500
      },
      "judge_all": {
        "auroc": 0.8941090555014605,
        "ci_low": 0.8049690473044399,
        "ci_high": 0.9665866751221117,
        "n": 500
      },
      "f1_ans": {
        "auroc": 0.7934222222222223,
        "ci_low": 0.7011195849269356,
        "ci_high": 0.8834905866444769,
        "n": 250
      },
      "judge_ans": {
        "auroc": 0.8961195054945055,
        "ci_low": 0.8109989518257733,
        "ci_high": 0.9669728260869566,
        "n": 250
      }
    },
    "d_cos": {
      "f1_all": {
        "auroc": 0.9050947368421053,
        "ci_low": 0.8456702042229935,
        "ci_high": 0.9568169920722431,
        "n": 500
      },
      "judge_all": {
        "auroc": 0.8515092502434275,
        "ci_low": 0.7503449600266489,
        "ci_high": 0.93706321523433,
        "n": 500
      },
      "f1_ans": {
        "auroc": 0.8622222222222222,
        "ci_low": 0.7800023710472883,
        "ci_high": 0.9338219327133718,
        "n": 250
      },
      "judge_ans": {
        "auroc": 0.806146978021978,
        "ci_low": 0.6905484115007362,
        "ci_high": 0.9091377398936006,
        "n": 250
      }
    },
    "d_lex": {
      "f1_all": {
        "auroc": 0.9258105263157894,
        "ci_low": 0.8536347850298516,
        "ci_high": 0.9832845687287111,
        "n": 500
      },
      "judge_all": {
        "auroc": 0.8368630314832847,
        "ci_low": 0.7418140896893541,
        "ci_high": 0.9231777546777546,
        "n": 500
      },
      "f1_ans": {
        "auroc": 0.9158222222222222,
        "ci_low": 0.8318144315333789,
        "ci_high": 0.97570325804882,
        "n": 250
      },
      "judge_ans": {
        "auroc": 0.8096668956043956,
        "ci_low": 0.6994381174253618,
        "ci_high": 0.9069230891878426,
        "n": 250
      }
    },
    "neg_token_logprob": {
      "f1_all": {
        "auroc": 0.7600842105263158,
        "ci_low": 0.6439367257153982,
        "ci_high": 0.8525219441196482,
        "n": 500
      },
      "judge_all": {
        "auroc": 0.8241642323920805,
        "ci_low": 0.7327511993587275,
        "ci_high": 0.8971139216432105,
        "n": 500
      },
      "f1_ans": {
        "auroc": 0.7539555555555557,
        "ci_low": 0.6414094938749194,
        "ci_high": 0.8552005966443738,
        "n": 250
      },
      "judge_ans": {
        "auroc": 0.8233173076923077,
        "ci_low": 0.7372840519327484,
        "ci_high": 0.8988741611170863,
        "n": 250
      }
    },
    "p_false": {
      "f1_all": {
        "auroc": 0.7405894736842105,
        "ci_low": 0.6358696468854002,
        "ci_high": 0.8277054339033854,
        "n": 500
      },
      "judge_all": {
        "auroc": 0.8222168127231418,
        "ci_low": 0.7579357894736842,
        "ci_high": 0.8804297509682197,
        "n": 500
      },
      "f1_ans": {
        "auroc": 0.7118222222222222,
        "ci_low": 0.6062051674641149,
        "ci_high": 0.8106699803606333,
        "n": 250
      },
      "judge_ans": {
        "auroc": 0.7998798076923077,
        "ci_low": 0.7181882902961844,
        "ci_high": 0.8669320392136467,
        "n": 250
      }
    },
    "semantic_entropy": {
      "f1_all": {
        "auroc": 0.7013894736842105,
        "ci_low": 0.598071958991563,
        "ci_high": 0.7899473612250477,
        "n": 500
      },
      "judge_all": {
        "auroc": 0.7711376176566049,
        "ci_low": 0.6914190281475846,
        "ci_high": 0.8373444146617851,
        "n": 500
      },
      "f1_ans": {
        "auroc": 0.6826666666666666,
        "ci_low": 0.5713622395326192,
        "ci_high": 0.7734605439570963,
        "n": 250
      },
      "judge_ans": {
        "auroc": 0.759271978021978,
        "ci_low": 0.6766115701415701,
        "ci_high": 0.8331836343555094,
        "n": 250
      }
    }
  }
}