{
  "model": "Qwen/Qwen2.5-3B-Instruct",
  "nli_ckpt": "microsoft/deberta-v2-xlarge-mnli",
  "seed": 42,
  "smoke": false,
  "n": 500,
  "positive_rate": 0.95,
  "se_sampling": {
    "N": 10,
    "T": 1.0,
    "top_p": 0.9,
    "top_k": 50
  },
  "forward_passes": {
    "divergence": 2,
    "token_logprob": 1,
    "p_true": 2,
    "semantic_entropy": 11
  },
  "signals": {
    "d_nli": {
      "auroc": 0.7967157894736843,
      "ci_low": 0.6977932005270989,
      "ci_high": 0.8945304777059897,
      "n": 500,
      "auprc": 0.9845262702905022
    },
    "d_cos": {
      "auroc": 0.9050947368421053,
      "ci_low": 0.8456702042229935,
      "ci_high": 0.9568169920722431,
      "n": 500,
      "auprc": 0.9939537360272304
    },
    "d_lex": {
      "auroc": 0.9258105263157894,
      "ci_low": 0.8536347850298516,
      "ci_high": 0.9832845687287111,
      "n": 500,
      "auprc": 0.9932134286282488
    },
    "neg_token_logprob": {
      "auroc": 0.7600842105263158,
      "ci_low": 0.6439367257153982,
      "ci_high": 0.8525219441196482,
      "n": 500,
      "auprc": 0.9808629876173304
    },
    "p_false": {
      "auroc": 0.7405894736842105,
      "ci_low": 0.6358696468854002,
      "ci_high": 0.8277054339033854,
      "n": 500,
      "auprc": 0.9773281248675674
    },
    "semantic_entropy": {
      "auroc": 0.7013894736842105,
      "ci_low": 0.598071958991563,
      "ci_high": 0.7899473612250477,
      "n": 500,
      "auprc": 0.9728048386579048
    }
  },
  "se_auroc_by_N": {
    "1": 0.5,
    "2": 0.6410526315789474,
    "5": 0.6895157894736842,
    "10": 0.7013894736842105
  }
}